<?xml version="1.0" encoding="UTF-8"?>
<personas>
  persona
  <persona nombre="Camila" Identificacion="1134" Edad="20" />
  <persona nombre="Amparo" Identificacion="1135" Edad="21" />
  <persona nombre="Rodrigo" Identificacion="1136" Edad="22" />
  <persona nombre="Sandra" Identificacion="1137" Edad="31" />
  persona
  <persona nombre="David" Identificacion="1130" Edad="31" />
  <persona nombre="Sofia" Identificacion="1131" Edad="30" />
  <persona nombre="Mario" Identificacion="1132" Edad="25" />
  <persona nombre="Camilo" Identificacion="1133" Edad="37" />
</personas>
